﻿<?xml version="1.0" encoding="utf-8" ?>
<Defs>

	<PawnKindDef Name="AnimalBase" Abstract="True">
	</PawnKindDef>

	<PawnKindDef Name="Muffalo" ParentName="AnimalBase">
		<defName>Muffalo</defName>
		<label>muffalo</label>
		<race>Muffalo</race>
		<combatPower>90</combatPower>
		<wildSpawn_spawnWild>true</wildSpawn_spawnWild>
		<wildSpawn_EcoSystemWeight>1</wildSpawn_EcoSystemWeight>
		<wildSpawn_GroupSizeRange>
			<min>3</min>
			<max>9</max>
		</wildSpawn_GroupSizeRange>
		<labelMale>alpha muffalo</labelMale>
		<labelFemale>muffalo</labelFemale>
		<lifeStages>
			<li>
				<label>muffalo calf</label>
				<bodyGraphicData>
					<texPath>Things/Pawn/Animal/Muffalo/Muffalo</texPath>
					<drawSize>1.5</drawSize>
					<shadowData>
						<volume>(0.4, 0.3, 0.3)</volume>
						<offset>(0,0,-0.2)</offset>
					</shadowData>
				</bodyGraphicData>
				<dessicatedBodyGraphicData>
					<texPath>Things/Pawn/Animal/Muffalo/MuffaloDessicated</texPath>
					<drawSize>1.5</drawSize>
				</dessicatedBodyGraphicData>
			</li>
			<li>
				<bodyGraphicData>
					<texPath>Things/Pawn/Animal/Muffalo/Muffalo</texPath>
					<drawSize>2.25</drawSize>
					<shadowData>
						<volume>(0.6, 0.45, 0.45)</volume>
						<offset>(0,0,-0.25)</offset>
					</shadowData>
				</bodyGraphicData>
				<femaleGraphicData>
					<texPath>Things/Pawn/Animal/Muffalo/Muffalo</texPath>
					<drawSize>2.25</drawSize>
					<shadowData>
						<volume>(0.6, 0.45, 0.45)</volume>
						<offset>(0,0,-0.25)</offset>
					</shadowData>
				</femaleGraphicData>
				<dessicatedBodyGraphicData>
					<texPath>Things/Pawn/Animal/Muffalo/MuffaloDessicated</texPath>
					<drawSize>2.25</drawSize>
					</dessicatedBodyGraphicData>
			</li>
			<li>
				<bodyGraphicData>
					<texPath>Things/Pawn/Animal/AMuffalo/AMuffalo</texPath>
					<drawSize>3</drawSize>
					<shadowData>
						<volume>(0.8, 0.6, 0.6)</volume>
						<offset>(0,0,-0.3)</offset>
					</shadowData>
				</bodyGraphicData>
				<femaleGraphicData>
					<texPath>Things/Pawn/Animal/Muffalo/Muffalo</texPath>
					<drawSize>3</drawSize>
					<shadowData>
						<volume>(0.8, 0.6, 0.6)</volume>
						<offset>(0,0,-0.3)</offset>
					</shadowData>
				</femaleGraphicData>
				<dessicatedBodyGraphicData>
					<texPath>Things/Pawn/Animal/Muffalo/MuffaloDessicated</texPath>
					<drawSize>3</drawSize>
				</dessicatedBodyGraphicData>
			</li>
		</lifeStages>
	</PawnKindDef>
  
	<PawnKindDef ParentName="AnimalBase">
		<defName>PackMuffalo</defName>
		<label>muffalo</label>
		<race>Muffalo</race>
		<combatPower>90</combatPower>
		<wildSpawn_spawnWild>false</wildSpawn_spawnWild>
		<labelMale>alpha muffalo</labelMale>
		<labelFemale>muffalo</labelFemale>
		<lifeStages>
			<li>
				<label>muffalo calf</label>
				<bodyGraphicData>
					<texPath>Things/Pawn/Animal/AMuffalo/AMuffaloPack</texPath>
					<drawSize>1.5</drawSize>
					<shadowData>
						<volume>(0.4, 0.3, 0.3)</volume>
						<offset>(0,0,-0.2)</offset>
					</shadowData>
				</bodyGraphicData>
				<dessicatedBodyGraphicData>
					<texPath>Things/Pawn/Animal/Muffalo/MuffaloDessicated</texPath>
					<drawSize>1.5</drawSize>
				</dessicatedBodyGraphicData>
			</li>
			<li>
				<bodyGraphicData>
					<texPath>Things/Pawn/Animal/AMuffalo/AMuffaloPack</texPath>
					<drawSize>2.25</drawSize>
					<shadowData>
						<volume>(0.6, 0.45, 0.45)</volume>
						<offset>(0,0,-0.25)</offset>
					</shadowData>
				</bodyGraphicData>
				<dessicatedBodyGraphicData>
					<texPath>Things/Pawn/Animal/Muffalo/MuffaloDessicated</texPath>
					<drawSize>2.25</drawSize>
				</dessicatedBodyGraphicData>
			</li>
			<li>
				<bodyGraphicData>
					<texPath>Things/Pawn/Animal/AMuffalo/AMuffaloPack</texPath>
					<drawSize>3</drawSize>
					<shadowData>
						<volume>(0.8, 0.6, 0.6)</volume>
						<offset>(0,0,-0.3)</offset>
					</shadowData>
				</bodyGraphicData>
				<femaleGraphicData>
					<texPath>Things/Pawn/Animal/Muffalo/Muffalo</texPath>
					<drawSize>3</drawSize>
					<shadowData>
						<volume>(0.8, 0.6, 0.6)</volume>
						<offset>(0,0,-0.3)</offset>
					</shadowData>
				</femaleGraphicData>
				<dessicatedBodyGraphicData>
					<texPath>Things/Pawn/Animal/Muffalo/MuffaloDessicated</texPath>
					<drawSize>3</drawSize>
				</dessicatedBodyGraphicData>
			</li>
		</lifeStages>
	</PawnKindDef>
  
</Defs>
